{"cameraMode":{"drawMode":0,"name":"Shaded","section":"Shading Mode"},"sceneLighting":false,"audioPlay":false,"sceneViewState":{"m_AlwaysRefresh":false,"showFog":true,"showSkybox":false,"showFlares":true,"showImageEffects":true,"showParticleSystems":true,"showVisualEffectGraphs":true,"m_FxEnabled":true},"in2DMode":false,"pivot":{"x":18.687999725341798,"y":0.4869999885559082,"z":3.6277999877929689},"rotation":{"x":-0.07893361151218414,"y":-0.8261699676513672,"z":0.11905061453580857,"w":-0.5452623963356018},"size":2.7874786853790285,"orthographic":true}