{"cameraMode":{"drawMode":0,"name":"Shaded","section":"Shading Mode"},"sceneLighting":false,"audioPlay":false,"sceneViewState":{"m_AlwaysRefresh":false,"showFog":true,"showSkybox":false,"showFlares":true,"showImageEffects":true,"showParticleSystems":true,"showVisualEffectGraphs":true,"m_FxEnabled":true},"in2DMode":false,"pivot":{"x":13.17125129699707,"y":-0.5620123147964478,"z":-35.83422088623047},"rotation":{"x":0.12058703601360321,"y":-0.019354823976755143,"z":0.002356011653319001,"w":0.9925424456596375},"size":4.376442909240723,"orthographic":false}