{"cameraMode":{"drawMode":0,"name":"Shaded","section":"Shading Mode"},"sceneLighting":false,"audioPlay":false,"sceneViewState":{"m_AlwaysRefresh":false,"showFog":true,"showSkybox":false,"showFlares":true,"showImageEffects":true,"showParticleSystems":true,"showVisualEffectGraphs":true,"m_FxEnabled":true},"in2DMode":false,"pivot":{"x":6.148497104644775,"y":-1.6617000102996827,"z":-27.701095581054689},"rotation":{"x":0.21931390464305879,"y":0.12256395816802979,"z":-0.02777758240699768,"w":0.9675575494766235},"size":0.08924116939306259,"orthographic":false}