{"cameraMode":{"drawMode":0,"name":"Shaded","section":"Shading Mode"},"sceneLighting":false,"audioPlay":false,"sceneViewState":{"m_AlwaysRefresh":false,"showFog":true,"showSkybox":false,"showFlares":true,"showImageEffects":true,"showParticleSystems":true,"showVisualEffectGraphs":true,"m_FxEnabled":true},"in2DMode":false,"pivot":{"x":7.0214362144470219,"y":-1.7005897760391236,"z":-29.183088302612306},"rotation":{"x":0.12058703601360321,"y":-0.019354823976755143,"z":0.002356011653319001,"w":0.9925424456596375},"size":0.2062814086675644,"orthographic":false}