{"cameraMode":{"drawMode":0,"name":"Shaded","section":"Shading Mode"},"sceneLighting":true,"audioPlay":false,"sceneViewState":{"m_AlwaysRefresh":false,"showFog":true,"showSkybox":true,"showFlares":true,"showImageEffects":true,"showParticleSystems":true,"showVisualEffectGraphs":true,"m_FxEnabled":true},"in2DMode":false,"pivot":{"x":6.285903453826904,"y":0.6724988222122192,"z":-39.30194854736328},"rotation":{"x":0.04463539272546768,"y":0.17576487362384797,"z":-0.007765111047774553,"w":0.9836578369140625},"size":5.272098541259766,"orthographic":true}