{"cameraMode":{"drawMode":0,"name":"Shaded","section":"Shading Mode"},"sceneLighting":true,"audioPlay":false,"sceneViewState":{"m_AlwaysRefresh":false,"showFog":true,"showSkybox":true,"showFlares":true,"showImageEffects":true,"showParticleSystems":true,"showVisualEffectGraphs":true,"m_FxEnabled":true},"in2DMode":false,"pivot":{"x":5.313494682312012,"y":-0.7573678493499756,"z":-36.86817169189453},"rotation":{"x":0.004708853084594011,"y":0.9873514175415039,"z":-0.027918703854084016,"w":0.1567828357219696},"size":116.73794555664063,"orthographic":true}