{"cameraMode":{"drawMode":0,"name":"Shaded","section":"Shading Mode"},"sceneLighting":true,"audioPlay":false,"sceneViewState":{"m_AlwaysRefresh":false,"showFog":true,"showSkybox":true,"showFlares":true,"showImageEffects":true,"showParticleSystems":true,"showVisualEffectGraphs":true,"m_FxEnabled":true},"in2DMode":false,"pivot":{"x":17.95025634765625,"y":-2.676403760910034,"z":-1.581037998199463},"rotation":{"x":0.039764828979969028,"y":0.17331849038600923,"z":-0.006587371230125427,"w":0.9841395020484924},"size":21.237306594848634,"orthographic":true}