{"cameraMode":{"drawMode":0,"name":"Shaded","section":"Shading Mode"},"sceneLighting":true,"audioPlay":false,"sceneViewState":{"m_AlwaysRefresh":false,"showFog":true,"showSkybox":true,"showFlares":true,"showImageEffects":true,"showParticleSystems":true,"showVisualEffectGraphs":true,"m_FxEnabled":true},"in2DMode":false,"pivot":{"x":0.011444091796875,"y":3.5198326110839845,"z":6.411073684692383},"rotation":{"x":-0.07893361151218414,"y":-0.8261699676513672,"z":0.11905061453580857,"w":-0.5452623963356018},"size":0.4154275059700012,"orthographic":true}