{"cameraMode":{"drawMode":0,"name":"Shaded","section":"Shading Mode"},"sceneLighting":true,"audioPlay":false,"sceneViewState":{"m_AlwaysRefresh":false,"showFog":true,"showSkybox":true,"showFlares":true,"showImageEffects":true,"showParticleSystems":true,"showVisualEffectGraphs":true,"m_FxEnabled":true},"in2DMode":false,"pivot":{"x":0.8325266242027283,"y":1.5304213762283326,"z":-4.737530708312988},"rotation":{"x":-0.0033244541846215727,"y":0.9943304657936096,"z":-0.03263628110289574,"w":-0.10147301107645035},"size":0.0816216766834259,"orthographic":false}